Type of article,Article Title,DOI ,Author,Year,Animal,Animal type,Farming country,Mineral premix included? (Y/N),Type of premix (trace element or not),Proxy? (Y/N),Proxy name,Details,Likelihood of premix dependence,
Accepted,Life cycle assessment of 36 dairy farms with by-product feeding in Southwestern China,10.1016/j.scitotenv.2019.133985,Wang et al,2019,Cattle,Cattle,China,N,,,,Only raw materials are assessed.,,
Accepted,Reducing the environmental impacts of Brazilian chicken meat production using different waste recovery strategies,10.1016/j.jenvman.2023.118021,Araújo dos Santos et al,2023,Chicken,Chicken,Brazil,N,,,,"feed complements, salt, and limestone were removed for better identification of the other flows and for not having viable substitutes within the aim of the study"". I assumed this meant they did not include mineral premix",,
Accepted,Environmental performance of copper-alloy Net-pens: Life cycle assessment of Atlantic salmon grow-out in copper-alloy and nylon net-pens,10.1016/j.aquaculture.2015.11.028,Ayer et al,2016,Atlantic salmon,Fish/Crustaceans,Chile,N,,,,"Used the feed formulation and model feed from Pelletier et al (2009): 10.1021/es9010114, which didn't include mineral premix",,
Accepted,The Assessment of Environmental Impact of the Chicken Meat Agroindustry in Indonesia: Life Cycle Assessment (LCA) Perspective,10.5398/tasj.2023.46.2.249,Azmi et al,2023,Chicken,Chicken,Indonesia,N,,,,Did not include minerals in the inventory,,
Accepted,Quantification and control of the greenhouse gas emissions from a dairy cow system,http://dx.doi.org/10.1016/j.jclepro.2014.02.010,Baek et al ,2014,Cattle,Cattle,Korea,N,,,,"Email response from corresponding authour says that they did not include mineral premix. Still investigating. They use values from this report: Lee, K.M., Park, K.H., 2012. Development of Carbon Tracing System for Livestock Agriculture, “Development of LCI DB and Estimation of Greenhouse Gas from Feedstuff”. Research report. National Institute of Animal Science of the Republic of Korea. They acknowledge that TMR includes premix, but it's not clear if this is included in the LCA",,Sent email to clairify 20-04-24
Accepted,Implications of uncertainty and variability in the life cycle assessment of pig production systems,10.1065/lca2005.08.219,Basset-Mens,2006,Pig,Pig,France,N,,,,"Data for feed production (involving, amongst others: grinding, heating, mixing, pelleting) were from van der Werf et al. (2005). In Werf et al (2005), premix is in the inventory, but not in the flow diagram, so we assumed that it was not included in the LCA",,
Accepted,Life cycle assessment of diets for gilthead seabream (Sparus aurata) with different protein/carbohydrate ratios and fishmeal or plant feedstuffs as main protein sources,https://doi.org/10.1007/s11367-019-01625-7,Basto-Silva,2019,Sea Bream,Fish/Crustaceans,Portugal,N,,,,"All ingredients used in the formulated diets with a contribution of less than 1% of dry weight (lysine, taurine, vitamin mix, mineral mix, binder, choline chloride) were not evaluated in the present study.",,
Accepted,Life cycle assessment of greenhouse gas emissions from beef production in western Canada: A case study,10.1016/j.agsy.2010.03.008,Beauchemin et al,2010,Cattle,Cattle,Canada,N,,,,Not listed in inventory - only a few crops were used,,
Accepted,Mitigation of greenhouse gas emissions from beef production in western Canada – Evaluation using farm-based life cycle assessment,10.1016/j.anifeedsci.2011.04.047,Beauchemin et al,2011,Cattle,Cattle,Canada,N,,,,Not listed in inventory- only a few crops and distillers grain was used,,
Accepted,"Life-cycle analysis of soybean meal, distiller-dried grains with solubles, and synthetic amino acid-based animal feeds for swine and poultry production",https://doi.org/10.1016/j.anifeedsci.2020.114607,Benavides et al,2020,Chicken,Chicken,USA,N,,,,"Production and use of vitamins, trace minerals, and other pharmaceutical components were assumed similar within a given type of animal diet and were not included in this analysis.",,
Accepted,"Life-cycle analysis of soybean meal, distiller-dried grains with solubles, and synthetic amino acid-based animal feeds for swine and poultry production",https://doi.org/10.1016/j.anifeedsci.2020.114607,Benavides et al,2020,Pig,Pig,USA,N,,,,"Production and use of vitamins, trace minerals, and other pharmaceutical components were assumed similar within a given type of animal diet and were not included in this analysis.",,
Accepted,Cradle to retailer or quick service restaurant gate life cycle assessment of chicken products in Australia,http://dx.doi.org/10.1016/j.jclepro.2012.09.034,Bengtsson et al,2013,Chicken,Chicken,Australia,N,,,,Not listed in inventory,,
Accepted,Recirculating Aquaculture Is Possible without Major Energy Tradeoff: Life Cycle Assessment of Warmwater Fish Farming in Sweden,https://dx.doi.org/10.1021/acs.est.0c01100,Bergman et al ,2020,Tilapia,Fish/Crustaceans,Sweden,N,,,,"""Microingredients, such as vitamins and amino acids, were excluded since detailed composition and inventory data were lacking"". I assumed this included the mineral premix",,
Accepted,Consequential-based life cycle assessment of reducing the concentrates supply level in the diet fed to lactating cows in the alpine dairy farming system,https://doi.org/10.1080/1828051X.2022.2155586,Berton et al,2023,Cattle,Cattle,Italy and Austria,N,,,,Not listed in inventory,,
Accepted,Life cycle assessment of common carp (Cyprinus carpio L.) – A comparison of the environmental impacts of conventional and organic carp aquaculture in Germany,https://doi.org/10.1016/j.aquaculture.2018.10.019,Biermann and Geist,2019,Carp,Fish/Crustaceans,Germany,N,,,,Not listed in inventory. Note: inventory is in Supplementary Data,,
Accepted,Life Cycle Assessment of Chinese Shrimp Farming Systems Targeted for Export and Domestic Sales,https://doi.org/10.1021/es104058z,Cao et al,2011,Shrimp,Fish/Crustaceans,China,N,,,,"Not listed in inventory. ""Since no background information was available about binder, soybean lecithin, vitamin and mineral premix, and vitamin C, and their contribution to the total ration less than 5%, they were excluded in the analysis""",,
Accepted,Quantification of GHG emissions from sucker-beef production in Ireland,10.1016/j.agsy.2005.11.008,Casey and Holden,2006,Cattle,Cattle,Ireland,N,,,,"Included 'supplements', but these did not include any added minerals (just plants)",,
Accepted,Comparative life cycle assessment of aquaponics and hydroponics in the Midwestern United States,https://doi.org/10.1016/j.jclepro.2020.122888,Chen et al,2020,Tilapia,Fish/Crustaceans,USA,N,,,,"Used LCA inventory from Avadi et al (2015), which explicitly excluded mineral premix from the LCA. ",,
Accepted,Uncertainty in LCA case study due to allocation approaches and life cycle impact assessment methods,https://doi.org/10.1007/s11367-017-1432-6,Cherubini et al,2018,Pig,Pig,Brazil,N,,,,Not included in the inventory,,
Accepted,A life cycle assessment study of dairy farms in northern Germany: The influence of performance parameters on environmental efficiency,https://doi.org/10.1016/j.jenvman.2020.111127,Drews et al,2020,Cattle,Cattle,Germany,N,,,,Not included in the inventory,,
Accepted,"Life Cycle Assessment of Nile Tilapia (Oreochromis niloticus) Farming in Kenyir Lake, Terengganu",10.3390/su12062268,Dullah et al ,2020,Tilapia,Fish/Crustaceans,Malaysia,N,,,,Not included in the inventory,,
Accepted,LIFE CYCLE ASSESSMENT OF POINT-OF-LAY BIRDS TO FROZEN CHICKEN PRODUCTION IN A TROPICAL ENVIRONMENT,10.29081/jesr.v23i1.89,Ewemoje et al,2017,Chicken,Chicken,Nigeria,N,,,,No information about feed composition was given. It is assumed that mineral premix was not included,,
Accepted,"Comparative energy, economic and environmental analyses of forage production systems for dairy farming",10.1016/j.jclepro.2018.02.073,Fathollahi et al,2018,Cattle,Cattle,Iran,N,,,,"Didn't inlcude the mineral premix, BUT not sure they would have used a premix anyway.... not sure what to do with this ",,
Accepted,"THE CONTRIBUTION OF A PORTION OF MEAT, FISH AND EGGS FOR CLIMATE CHANGE",10.29352/mill0203e.02.00191,Ferreira et al,2019,Chicken,Chicken,Denmark and Netherlands,N,Probably non-trace,,,"Datasets for the products and processes included in the system boundaries were taken from LCA Food DK Project (Nielsen et al. 2003), except for eggs, where an adaptation of Agri-footprint version 4.0 (economic allocation) project (Blonk Agri-footprint BV 2017a) was used, because they don ́t exist in the LCA Food DK Project, as shown in Table 1. LCA Food DK project does not include premix in feeds for chickens, but for pigs and cattle have 'P, mineral feed', which I presume is a use of P as a proxy for all mineral feed. ",,
Accepted,Evaluation of environmental and economic implications of a cold-weather aquaponic food production system using life cycle assessment and economic analysis,http://doi.org/10.1111/jiec.13230,Ghamkhar et al,2022,Tilapia,Fish/Crustaceans,USA,N,,,,The inventory list (Table S2) doesn't inlcude any premix,,
Accepted,Assessment of environment impacts of egg production chain using life cycle assessment,http://dx.doi.org/10.1016/j.jenvman.2016.09.054,Ghasempour et al,2016,Chicken,Chicken,Iran,N,,,,Not included in the inventory,,
Accepted,Comparison of different methods for consideration of multifunctionality of Peruvian dairy cattle in Life Cycle Assessment,https://doi.org/10.1016/j.livsci.2020.104151,Gilardino et al,2020,Cattle,Cattle,Peru,N,,,,Not included in the inventory,,
Accepted,Environmental Impacts Associated with Intensive Production in Pig Farms in Mexico through Life Cycle Assessment, https://doi.org/10.3390/su132011248,Giraldi-Diaz et al,2021,Pig,Pig,Mexico,N,,,,Only food based raw materials were accounted for,,
Accepted,Life cycle assessment of pigmeat production: Portuguese case study and proposal of improvement options,https://doi.org/10.1016/j.jclepro.2015.03.048,Gonzalez-Garcîa,2015,Pig,Pig,Portugal,N,,,,Premix was detailed in feeds but excluded from model boundaries due to insufficient inventory data,,
Accepted,Indonesian aquaculture futures-identifying interventions for reducing environmental impacts,http://doi.org/10.1088/1748-9326/ab4b79,Henrikssen et al ,2019,Tilapia (multispecies),Fish/Crustaceans,Indonesia,N,,,,Not listed in inventory which is in online supplementary data,,
Accepted,Environmental impact of beef production in Mexico through life cycle assessment,https://doi.org/10.1016/j.resconrec.2016.01.020,Huerta et al ,2016,Cattle,Cattle,Mexico,N,,,,Ammonium sulphate is listed in inventory for cow-calf stage - as a lick? Email reply: we specifically did not include mineral premix in our LCA because back them the database did not allow us to include data from mineral mixes,,Emailed author to clarify 14-05-24
Accepted,"Feeding high concentrations of corn dried distillers’ grains decreases methane, but increases nitrous oxide emissions from beef cattle production",https://doi.org/10.1016/j.agsy.2014.01.005,Hünerberg et al,2014,Cattle,Cattle,Canada,N,,,,"Premix was noted in feed but ""emissions from the production and shipping of mineral and vitamin supplement were considered negligible as it constituted only 2% of the diet"" - not accounting for disproportional impact",,
Accepted,Life Cycle Assessment (LCA) of a food-production system in Spain: Iberian ham based on an extensive system,https://doi.org/10.1016/j.scitotenv.2021.151900,Lamnatou et al,2022,Pig,pig,Spain,N,,,,No mineral supplements in the inventory,,
Accepted,"Life Cycle Assessment of fish fed with insect meal: Case study of mealworm inclusion in trout feed, in France",https://doi.org/10.1016/j.aquaculture.2018.06.051,Le Feon et al,2019,Trout,Fish/Crustaceans,France,N,,,,Included in feed description but omitted from inventory,,
Accepted,"Environmental impact assessment of chicken meat production via an integrated methodology based on LCA, simulation and genetic algorithms",https://doi.org/10.1016/j.jclepro.2017.10.307,Lopez-Andres et al,2018,Chicken,Chicken,Mexico,N,,,,"Verbatim from paper - ""The chickens’ diet consists of water and protein.""",,
Accepted,From feed to fork – Life Cycle Assessment on an Italian rainbow trout (Oncorhynchus mykiss) supply chain,https://doi.org/10.1016/j.jclepro.2020.125155,Maiolo et al,2021,Trout,Fish/Crustaceans,Italy,N,,,,"Only fish, other animal, and plant ingredients considered",,
Accepted,Life-cycle assessment of greenhouse gas emissions from dairy production in Eastern Canada: A case study,https://doi.org/10.3168/jds.2011-5229,Mc Geough et al,2012,Dairy Cattle,Cattle,Canada,N,,,,Assumed all ingredients were produced on farm - mineral supplement listed in ingredients but not included in emissions source,,
Accepted,Method for calculating carbon footprint of cattle feeds - including contribution from soil carbon changes and use of cattle manure,https://doi.org/10.1016/j.jclepro.2014.02.023,Mogensen et al,2014,Cattle,Cattle,Denmark,N,,,,Focuses on fodder crops only,,
Accepted,Life Cycle Assessment for environmentally sustainable aquaculture management: a case study of combined aquaculture systems for carp and tilapia,https://doi.org/10.1016/j.jclepro.2013.05.029,Mungkung et al ,2013,Carp/tilapia,Fish/Crustaceans,Indonesia,N,,,,"Despite ""additives"" noted in diet only plant-based and fish-based ingredients were considered",,
Accepted,Environmental and water sustainability of milk production in Northeast Spain,https://doi.org/10.1016/j.scitotenv.2017.10.186,Noya et al,2018,Dairy Cattle,Cattle,Spain,N,,,,Not all ingredient were listed for the diets (did not add to 100%) but the inventory only mentions the main crops and fodder (which was also crop-based).,,
Accepted,A life cycle assessment of seasonal grass-based and confinement dairy farms,https://doi.org/10.1016/j.agsy.2011.11.004,O'Brien et al,2012,Dairy Cattle,Cattle,Ireland,N,,,,Is mineral premix expected in dairy cattle? Need to discuss this for many papers,,Emailed Teagasc to clarify 14-05-24
Accepted,Evaluating environmental impacts of the Japanese beef cow–calf system by the life cycle assessment method, https://doi.org/10.1111/j.1740-0929.2007.00457.x,Ogino et al ,2007,Cattle,Cattle,Japan,N,,,,Not listed in diet at all,,
Accepted,Economic and environmental impacts of changes in culling parity of cows and diet composition in Japanese beef cow-calf production systems,10.1016/j.agsy.2012.09.007,Oishi et al,2013,Cattle,Cattle,Japan,N,,,,"Did the LCA for enviromental impacts (global warming, acidification, and eutrophication), then calculated to an overall enbiromnetal index to evaluate the balance between the environmental output and the economic output. LCA used the model from Ogino et al. (2007): 10.1111/j.1740-0929.2007.00457.x. Premix was not mentioned.",,
Accepted,"Environmental performance in the US broiler poultry sector: Life cycle energy use and greenhouse gas, ozone depleting, acidifying and eutrophying emissions",10.1016/j.agsy.2008.03.007,Pelletier,2008,Chicken,Chicken,United States,N,,,,"Salt (is it premix)? <-BETH: No, not really :)",,
Accepted,Life cycle assessment of high- and low-profitability commodity and deep-bedded niche swine production systems in the Upper Midwestern United States,https://doi.org/10.1016/j.agsy.2010.07.001,Pelletier et al,2010,Pig,Pig,United States,N,Non-trace,,,"Dicalcium Phosphate, Ground limestone, Sodium chloride, other (not sure about other ingredient). NOTES FROM AUTHOR: Certainly, we would not have had fully resolved data re. the composition of mineral premixes, nor access to adequate third party life cycle inventory models to represent them. The situation has certainly improved in the interim, but challenges do remain both with respect to access to information regarding proprietary premix compositions as well as inventory models to represent some of the constituents.",,
Accepted,Life cycle assessment of fish culture in Thailand: Case study of Nile Tilapia and Striped Catfish,10.7763/IJESD.2013.V4.423,Pongpat and Tongpool,2013,Tilapia,Fish/Crustaceans,Thailand,N,,,,,,
Accepted,Life Cycle Assessment for the Cuban pig production: Case study in Sancti Spiritus,10.1016/j.jclepro.2019.02.047,Reyes et al,2019,Pig,Pig,Cuba,N,,,,Only include soy bean and maize in the feed inventory,,
Accepted,Comparing Carbon and Water Footprints for Beef Cattle Production in Southern Australia,10.3390/su3122443,Ridoutt et al,2011,Cattle,Cattle,Australia,N,,,,"Only carbon footprint and water footprint. ""Supplementary feeds (grain and pasture hay)"" probably not the premix",,
Accepted,Cradle-to-gate life cycle assessment of regionally produced beef in the northwestern U.S.,10.13031/trans.57.10498,Roop et al,2014,Cattle,Cattle,United States,N,,,,"LCA for GHG emissions. ""feeds lacking emissions data for proprietary reasons (arrival, finish, and heifer finish supplements) or those fed in extremely small amounts (less than 0.5% of overall feed by weight), such as molasses, were excluded from the analysis.""\",,
Accepted,Relative emissions intensity of dairy production systems: employing different functional units in life-cycle assessment,10.1017/S1751731117000052,Ross et al,2017,Cattle,Cattle,United Kingdom,N,,,,"Barley, Wheat, Sugar beet pulp, Soyabean meal, Rapeseed meal plus forage only",,
Accepted,Life Cycle Assessment of Aquaculture Stewardship Council Certified Atlantic Salmon (Salmo salar),10.3390/su12156079,Sherry and Koester,2020,Atlantic salmon,Fish/Crustaceans,Canada,N,,,,"Feed composition refer to Pelletier and Tyedmers, 2007, doi.org/10.1016/j.aquaculture.2007.06.024. ""Premixes (not included in analysis)""",,
Accepted,Life cycle assessment of aquafeed ingredients,10.1007/s11367-017-1414-8,Silva et al,2018,None,Fish/Crustaceans,None,N,,,,"LCA for aquafeed ingredients only. ""fishmeal (FM) and fish oil (FO) from fisheries by-products, meal and fat by-products from poultry slaughter, FM and FO from Peruvian anchovy capture, and soybean meal and oil. """,,
Accepted,Life cycle assessment of the chicken meat chain,10.1016/j.jclepro.2018.02.274,Skunca et al,2018,Chicken,Chicken,Serbia,N,,,,Only raw materials were included in Table 2,,
Accepted,An approach to achieve overall farm feed efficiency in pig production: environmental evaluation through individual life cycle assessment,10.1007/s11367-020-01860-3,Soleimani and Gilbert,2021,Pig,Pig,France,N,,,,"Vitamins and minerals were mentioned in Table S2. Salt (Sodium Chloride) was mentioned too, but not sure if it's minerals. ""Ingredients like salt, carbonate calcium and vitamins, which do not have digestible energy, CP or AAs, were considered as additives and excluded from the formulation step"" so maybe no for mineral premix",,
Accepted,Paths to a sustainable food sector: integrated design and LCA of future food supply chains: the case of pork production in Sweden,10.1007/s11367-015-0969-5,Sonesson et al,2016,Pig,Pig,Sweden,N,,,,"Only crops (e.g. wheat, fava bean etc) were included as feed ingredients",,
Accepted,Life cycle assessment of recirculating aquaculture systems: A case of Atlantic salmon farming in China,10.1111/jiec.12845,Song et al,2019,Atlantic salmon,Fish/Crustaceans,China,N,,,,"Only raw materials were assessed in the supplement table S10, S11",,
Accepted,The life cycle impacts of feed for modern grow-finish Northern Great Plains US swine production,10.1016/j.agsy.2011.11.002,Stone et al,2012,Pig,Pig,United States,N,,,,"Only assess corn, soymeal, and DDGS.",,
Accepted,Greenhouse Gas Emission of Broiler Chicken Production in Malaysia using Life Cycle Assessment Guidelines: A Case Study,10.26776/ijemm.03.02.2018.03,Suffian et al,2018,Chicken,Chicken,Malaysia,N,,,,GHG LCA,,
Accepted,Carbon Footprint: The Case of Four Chicken Meat Products Sold on the Spanish Market,http://doi.org/10.3390/foods11223712,Tetteh et al,2022,Chicken,Chicken,Spain,N,,,,"GHG LCA. ""Secondary data was used to assess the impact of feed production on the chicken meat GHG emissions."" Using FeedPrint tool (http://webapplicaties.wur.nl/software/feedprintNL/index.asp) to quantify GHG emission in animal feed production and utilisation.NO premix assessed in feedprint.",,
Accepted,Accounting for farm diversity in Life Cycle Assessment studies - The case of poultry production in a tropical island,10.1016/j.jclepro.2013.05.027,Thévenot et al,2013,Chicken,Chicken,Reunion Island,N,,,,"Feed composition table includes Calcium carbonate, Vitamin mineral premix, Calcium phosphate, Other, Salt. But ""The three main crops produced (maize, soybean and wheat) are the major contributors to the environmental impacts of poultry feed production"". So I think premix is not part of LCA",,
Accepted,Life cycle assessment of beef cow-calf systems with and without grazing on abandoned cultivated lands in Japan,http://doi.org/10.1111/grs.12054,Tsutsumi et al,2014,Cattle,Cattle,Japan,N,,,,"Table S1: Concentrate mixture for cow/calf. Not sure if that includes mineral. - NOTES FROM AUTHORS - >  QUES: Did you include mineral premix in the modelled feeds/concentrates? ANS: No.  QUES: If no, is this because the data were unavailable or because this was not expected in the feed for these cattle? ANS: This is because the data were unavailable, and the amount of the premix might be so small, causing little environmental impacts
",,
Accepted,Life-cycle impact assessment of organic and non-organic grass-fed beef production in Japan,10.1016/j.jclepro.2017.11.159,Tsutsumi et al,2018,Cattle,Cattle,Japan,N,,,,Not in the inventory,,
Accepted,Comparative study on the carbon footprints of extruded and pelleted feed and their potential for carbon reduction: A case study of grass carp feed,10.1016/j.jclepro.2022.135192,Wang et al,2022,Carp,Fish/Crustaceans,China,N,,,,"Despite mineral substances included in Table S1, their environmental impact is not accounted for in this LCA.",,
Accepted,"Cattle and carcass performance, and life cycle assessment of production systems utilizing additive combinations of growth promotant technologies",10.1093/tas/txaa216,Webb et al,2020,Cattle,Cattle,United States,N,,,,"Table 1: Supplement contained 58.3% ground corn, 29.6% limestone, 5.6% iodized salt, 4.7% ammonia chloride, 0.93% trace mineral mix, 0.25% thiamine, and 0.21% Vitamins A, D, and E.",,
Accepted,Environmental Impact Reduction in Broiler Chicken Farm Using Life Cycle Assessment in The Implementation of Circular Economy,https://doi.org/10.46254/SA02.20210643,Wicaksono and Kaswara,2021,Chicken,Chicken,Indonesia,N,,,,Only raw materials are assessed.,,
Accepted,Comparative life cycle assessment (LCA) of Tilapia in two production systems: semi-intensive and intensive,10.1007/s11367-016-1061-5,Yacout et al,2016,Tilapia,Fish/Crustaceans,Egypt,N,,,,"Table 2: Salt (sodium chloride)? Not sure if it includes mineral <- No, they didn't include premix :)",,
Accepted,Life cycle assessment of alternative swine management practices,http://doi.org/10.1093/jas/sky425,Bandekar et al ,2019,Pig,Pig,USA,Y,,?,,"Used the Pig Production Environmental Footprint Calculator model (PPEC), which does include both premix and Zn oxide. However, they then used SimaPro to do the LCA- not sure whether this uses a proxy or not ",,
Accepted,Environmental life cycle assessment of cow milk in a conventional semi‑intensive Brazilian production system,https://doi.org/10.1007/s11356-021-17317-5,Carvalho et al ,2021,Cattle,Cattle,Brazil,Y,Trace minerals,N,,"Included the minerals in both the concentrate and the licks/premix. Some  proxies were used, but were very close to the original (e.g. phosphate rock was used as a proxy for dicalcium phosphate, cobalt was used for cobalt sulphate, iodine was used for potassium iodate and selenium was used for sodium selenite)",,
Accepted,Environmental impact of Brazilian broiler production process: Evaluation using life cycle assessment,https://doi.org/10.1016/j.jclepro.2019.117752,Duarte de Silva Lima et al,2019,Chicken,Chicken,Brazil,Y,,N,,Explicitly included in the inventory. Used EcoInvent 2.2 and 3.3. for feed ingredients- no idea if they use a proxy,,
Accepted,Life Cycle Assessment of broiler chicken production: a Portuguese case study,https://doi.org/10.1016/j.jclepro.2014.03.067,Gonzalez-Garcîa,2014,Chicken,Chicken,Portugal,Y,Non-trace,N,,Monocalcium phosphate was modelled through LCA food DK database,,
Accepted,Eggs or meat? Environmental impact and efficiency assessment of chicken protein production with potential of Hermetia illucens use in feed,https://doi.org/10.1016/j.rcradv.2022.200121,Heines et al ,2022,Chicken,Chicken,Germany,Y,Non-trace,N,,Monocalcium phosphate was modelled through LCA food DK database - uses the data from Gonzalez-Garcia et al 2014,,
Accepted,Simplified life cycle assessment of galician milk production,https://doi.org/10.1016/S0958-6946(03)00100-6,Hospido et al,2003,Cattle (Milk),Cattle,Spain,Y,Non-trace,N,,Calcium carbonate and phosphate carbonate listed in the fodder factory inventory,,
Accepted,Environmental assessment of a pork-production system in North-East of Spain focusing on life-cycle swine nutrition,https://doi.org/10.1016/j.jclepro.2016.07.051,Lamnatou et al,2016,Pig,Pig,Spain,Y,Non-trace,N,Calcium carbonate,"Uses calcium carbonate for the mineral component. Beth: I think this might be actually what they fed the pigs, so I have changed to Y, N. ",,
Accepted,"Life-Cycle Assessment of the Beef Cattle Production System for the Northern Great Plains, USA",https://doi.org/10.2134/jeq2013.03.0101,Lupo et al ,2013,Cattle,Cattle,USA,Y,Non-trace,N,,"Salt (NaCl), calcium (as limestone, CaCO3), phosphorus (as dicalcium phosphate, CaHPO4), and CTC were included as minerals and supplements.",,
Accepted,Fishmeal partial substitution within aquafeed formulations: life cycle assessment of four alternative protein sources,https://doi.org/10.1007/s11367-020-01759-z,Maiolo et al,2020,Fish Feed,Fish/Crustaceans,Italy,Y,Non-trace,N,,"Sodium phosphate and Limestone only minerals stated in inventory (Agribalyse and Ecoinvent) <- Beth 19/06/24_ Supplementary information has: limestone, monocalcium phosphate, sodium chloride. Might be worth asking biomar whether these are likely to be proxies",,
Accepted,Circular Bioeconomy Practices in the Greek Pig Sector: The Environmental Performance of Bakery Meal as Pig Feed Ingredient, https://doi.org/10.3390/su151511688,Melas et al,2023,Pig,Pig,Greece,Y,Non-trace,N,,marble dust is stated in feed - calcium carbonate is included the inventory. This seems to be what marble dust is.,,
Accepted,Combining livestock and tree crops to improve sustainability in agriculture: a case study using the Life Cycle Assessment (LCA) approach,10.1016/j.jclepro.2016.05.024,Paolotti et al,2016,Chicken,Chicken,Italy,Y,Non-trace,N,,"Vitamin premix, Dicalcium phosphate, Sodium bicarbonate, Salt and Ash (not sure about that)? Used EcoInvent",,
Accepted,Life Cycle Assessment of pork production: A data inventory for the case of Germany,http://doi.org/10.1016/j.livsci.2013.09.001,Reckmann et al,2013,Pig,Pig,Germany,Y,Non-trace,N,,"feed mixtures included feed supplements, such as calcium carbonate and lysine. Table 3: Others 648 kg. Presumably they did not use a proxy",,
Accepted,Improvement of the environmental performance of broiler feeds: a study via life cycle assessment,10.1016/j.jclepro.2012.05.007,Tongpool et al,2012,Chicken,Chicken,Thailand,Y,Non-trace,N,,"Animal-mixed feeds: Minerals and Vitamin ingredients (1.8% of total ingredients) include Bone meal, Monocalcium phosphate, Calcium carbonate, Sodium chloride, Sodium carbonate, Vitamins. For vegetarian feeds: Minerals and Vitamin ingredients (3.0% of total ingredients) include Sodium chloride, calcium carbonate, sodium carbonate, monocalcium phosphate, vitamins. Importantly, the LCA also assess the environmental impact of feed minerals.",,
Accepted,Life cycle assessment of rainbow trout farming in the temperate climate zone based on the typical farm concept,10.1016/j.jclepro.2022.134851,Wind et al,2022,Rainbow trout,Fish/Crustaceans,Germany,Y,Trace,N,,Fish feed composition derived from Brinker and Reiter (2011): 10.1016/j.aquaculture.2010.09.041 and it's also attched in Table S1 (mineral premix 1.1g/kg),,
Accepted,Effect of life cycle inventory choices and nutritional variation on carbon footprint of broiler meat production,10.1016/j.jclepro.2022.135463,Alkhtib et al ,2023,Chicken,Chicken,United Kingdom,Y,Probably non-trace,Y,"Sodium bicarbonate, Europe, at mill'","Did the LCA just for carbon footprint using LCIs from Agribalyse 3.01, ECOALIM and GLFI. For the GLFI database, for for BR.trial starter premix and BR.trial Grower premix, the proxy was ' Total minerals, additives, vitamins, at plant/RER'. For both Agribalyse and ECOALIM, the proxy was 'Sodium bicarbonate, Europe, at mill'",,
Accepted,Comparing the environmental impacts of pasturebased and confinement-based dairy systems in Nova Scotia (Canada) using life cycle assessment,10.3763/ijas.2009.0356,Arsenault et al,2009,Cattle,Cattle,Canada,Y,Non-trace and trace,Y,Phosphate,"""Amalgam of monocal phosphate, salt, calcium granules, magnesium oxide, monoammonium phosphate, vitamins and trace mineral premix. Treated entirely as phosphate."" Interestingly, the mineral feed was attributed 0 ha of land use in the analysis too.",,
Accepted,"THE CONTRIBUTION OF A PORTION OF MEAT, FISH AND EGGS FOR CLIMATE CHANGE",10.29352/mill0203e.02.00191,Ferreira et al,2019,Cattle,Cattle,Denmark and Netherlands,Y,Probably trace,Y,Phosphorus,"Datasets for the products and processes included in the system boundaries were taken from LCA Food DK Project (Nielsen et al. 2003), except for eggs, where an adaptation of Agri-footprint version 4.0 (economic allocation) project (Blonk Agri-footprint BV 2017a) was used, because they don ́t exist in the LCA Food DK Project, as shown in Table 1. LCA Food DK project does not include premix in feeds for chickens, but for pigs and cattle have 'P, mineral feed', which I presume is a use of P as a proxy for all mineral feed. ",,
Accepted,"THE CONTRIBUTION OF A PORTION OF MEAT, FISH AND EGGS FOR CLIMATE CHANGE",10.29352/mill0203e.02.00191,Ferreira et al,2019,Pig,Pig,Denmark and Netherlands,Y,Probably non-trace,Y,Phosphorus,"Datasets for the products and processes included in the system boundaries were taken from LCA Food DK Project (Nielsen et al. 2003), except for eggs, where an adaptation of Agri-footprint version 4.0 (economic allocation) project (Blonk Agri-footprint BV 2017a) was used, because they don ́t exist in the LCA Food DK Project, as shown in Table 1. LCA Food DK project does not include premix in feeds for chickens, but for pigs and cattle have 'P, mineral feed', which I presume is a use of P as a proxy for all mineral feed. ",,
Accepted,Sustainability Analysis of Fish Feed Derived from Aquatic Plant and Insect, https://doi.org/10.3390/su13137371,Goyal et al,2021,Fish Feed,Fish/Crustaceans,Germany,Y,Trace minerals,Y,Sodium chloride,"Analysis compares a BSF and duckweed generated feed to Trout and Tilapia feed data in Ecoinvent. Sodium chloride used as proxy for mineral premix, lime used as proxy for calcium carbonate,  100% ""crude protein"" used for amino acid supplements).",,
Accepted,β-Mannanase Supplementation as an Eco-Friendly Feed Strategy to Reduce the Environmental Impacts of Pig and Poultry Feeding Programs,https://doi.org/10.3389/fvets.2021.732253,Hickmann et al ,2021,Pig,Pig,Brazil,Y,Probably non-trace,Y,Limestone (calcium carbonate),Assumes vitamin-mineral premix impacts are the same as limestone.,,
Accepted,Environmental impact assessment of chicken meat production using life cycle assessment,https://doi.org/10.1016/j.inpa.2016.10.002,Kalhor et al,2016,Chicken,Chicken,Iran,Y,Non-trace,Y,Limestone (calcium carbonate),"Noted as input in inventory, unsure how this was modelled - they used Ecoinvent, Simapro",,
Accepted,Environmental impact of using specialty feed ingredients in swine and poultry production: A life cycle assessment,https://doi.org/10.2527/jas.2015-9036,Kebreab et al,2016,Pig,Pig,Europe/North America/South America,Y,Non-trace,Y,Limestone is assumed to be a proxy for mineral premix listed in feed composition data,"Calcium carbonate, monocalcium phosphate, sodium chloride, and limestone are modelled. Limestone is not listed in feed, so assuming this used as proxy for mineral premix listed in feed composition data",,
Accepted,Environmental impact of using specialty feed ingredients in swine and poultry production: A life cycle assessment,https://doi.org/10.2527/jas.2015-9036,Kebreab et al,2016,Chicken,Chicken,Europe/North America/South America,Y,Non-trace,Y,Limestone is assumed to be a proxy for mineral premix listed in feed composition data,"Calcium carbonate, monocalcium phosphate, sodium chloride, and limestone are modelled. Limestone is not listed in feed, so assuming this used as proxy for mineral premix listed in feed composition data",,
Accepted,Environmental performance of semi-confinement and pasture-based systems for dairy cows,http://www.eemj.icpm.tuiasi.ro/pdfs/vol19/no7/Full/12_422_Laca_19.pdf,Laca et al,2020,Cattle,Cattle,Spain,Y,Probably trace,Y,Limestone (calcium carbonate),Uses SimaPro with Ecoinvent which says the concentrates have limestone in the inventory - frequently used as a proxy for minerals,,
Accepted,Overview on GHG emissions of raw milk production and a comparison of milk and cheese carbon footprints of two different systems from northern Spain,https://doi.org/10.1007/s11356-019-06857-6,Laca et al,2020,Cattle,Cattle,Spain,Y,Probably trace,Y,Limestone (calcium carbonate),Uses SimaPro with Ecoinvent which says the concentrates have limestone in the inventory - frequently used as a proxy for minerals,,
Accepted,Effect of feeding strategy on environmental impacts of pig fattening in different contexts of production: evaluation through life cycle assessment,https://doi.org/10.2527/jas.2016-0529,Monteiro et al,2016,Pig,Pig,Brazil/France,Y,"Did consider non-trace, but excluded trace",Y,Limestone (calcium carbonate),"Data for phytase, salt, phosphate, sodium bicarbonate, and limestone used in the diet came from Wilfart et al. (2015). The premix was assumed to contain mainly limestone and to have the same impacts. The impacts of vitamins and trace elements were not considered..",,
Accepted,The effects on greenhouse gas emissions of ecological intensification of meat production with rainfed sown biodiverse pastures,https://doi.org/10.3390/su10114184,Morais et al ,2018,Cattle,Cattle,Portugal,Y,Trace,Y,"calcium carbonate, sodium bicarbonate and calcium phosphate","In the feed composition table (Table 1), but in the LCA process in the Supplementary Materials, only calcium carbonate, sodium bicarbonate and calcium phosphate were listed, and no vitamins, which suggests to me that the 'mineral and vitamin mix' used proxies",,
Accepted,Life Cycle Assessment of pig production: A case study in Galicia,https://doi.org/10.1016/j.jclepro.2016.11.160,Noya et al,2017,Pig,Pig,Spain,Y,Probably non-trace,Y,Limestone (calcium carbonate),"Crop cultivation, agrochemical use, and energy consumption were considered for feed. Inorganic compounds are listed in diet but I believe not included - if they were, the authors used ecoinvent which uses a limestone proxy.",,
Accepted,Life cycle assessment of sustainable broiler production systems: Effects of low-protein diet and litter incineration,https://doi.org/10.3390/agriculture11100921,Ogino et al ,2021,Chicken (broiler),Chicken,Japan,Y,?,Y,crystalline amino acids,"Calcium carbonate, Tricalcium phosphate, and ""Vitamins and minerals"" are listed in the diet description but no detail list on inventory. Email reply: I thought the environmental loads of mineral and vitamin premix was large, so I used the data of the feed ingredient with the largest environmental loads in the diet, i.e., the crystalline amino acids (5.20 kg-CO2e/kg), as a proxy to avoid underestimation.",,Sent email to clarify 21-04-24
Accepted,"Sustainability, energy budgeting, and life cycle assessment of crop-dairy-fish-poultry mixed farming system for coastal lowlands under humid tropic condition of India",10.1016/j.energy.2019.116101,Paramesh et al,2019,Dairy Cattle,Cattle,India,Y,Probably trace and non-trace,Y,Limestone (calcium carbonate),"Mix farming system. Feed composition was not mentioned. However, minerals and vitamins LCI was analysed for poultry system. Minerals and vitamins LCI was analysed for dairy cattle system.",,
Accepted,"Sustainability, energy budgeting, and life cycle assessment of crop-dairy-fish-poultry mixed farming system for coastal lowlands under humid tropic condition of India",10.1016/j.energy.2019.116101,Paramesh et al,2019,Chicken,Chicken,India,Y,Probably trace and non-trace,Y,Limestone (calcium carbonate),"Mix farming system. Feed composition was not mentioned. However, minerals and vitamins LCI was analysed for poultry system. Minerals and vitamins LCI was analysed for dairy cattle system.",,
Accepted,"Life cycle assessment of Canadian egg products, with differentiation by hen housing system type",10.1016/j.jclepro.2017.03.050,Pelletier,2017,Chicken,Chicken,Canada,Y,Probably non-trace,Y,Salt (sodium chloride),"Table S13: Vitamins, Minerals, Salt. "" All mineral inputs were modeled as salt""",,
Accepted,Environmental impacts of French and Brazilian broiler chicken production scenarios: An LCA approach,https://doi.org/10.1016/j.jenvman.2013.12.011,Prudêncio da Silva et al,2014,Chicken,Chicken,French and Brazil,Y,,Y,,"Premix was also involved in environmental impacts analysing in supplementary tables. Table S1 & S3: NOTES FROM AUTHOR: We utilized a pre-existing process from the Simapro Software database, albeit with a modification: we substituted the primary component (maize starch) with a comparable same product sourced from France, while also adding in transportation impacts. Further elaboration on the process can be found in the attached file. Undoubtedly, this warrants consideration for a more comprehensive replacement.",,
Accepted,A retrospective analysis of the United States poultry industry: 1965 compared with 2010,10.1016/j.agsy.2017.07.008,Putman et al,2017,Chicken,Chicken,United States,Y,Probably non-trace,Y,Limestone (calcium carbonate),"""Includes salt, limestone, vitamins, minerals, and synthetic amino acids (in 2010 rations only).""",,
Accepted,Life Cycle Assessment of Icelandic Arctic Char Fed Three Different Feed Types,10.4194/1303-2712-v17_1_10,Smárason et al,2017,Arctic char,Fish/Crustaceans,Iceland,Y,Trace minerals,Y,Limestone,Vitamins/minerals was included in Table 1 but no information about proxy.,,
Accepted,Life cycle assessment of contemporary Canadian egg production systems during the transition from conventional cage to alternative housing systems: Update and analysis of trends and conditions,10.1016/j.resconrec.2021.105907,Turner et al,2022,Chicken,Chicken,Canada,Y,?,Y,,"""Inventory models for other inputs to feed production including sources of calcium, phosphate, salt, minerals, amino acids, and other pre-mixes and supplements were derived from the EcoInvent database (2005), with all mineral inputs modeled as salt.""",,
Accepted,Attributional versus consequential life cycle assessment and feed optimization: alternative protein sources in pig diets,10.1007/s11367-017-1299-6,van Zanten et al,2018,Pig,Pig,Dutch,Y,Non-trace,Y,Calcium carbonate ,"Used Limestone ,Salt, Monocalcium phosphate,Sodium bicarbonate, but referred to Garcia-Launay et al for how the GWP was calculated.
Quote from Garcia-Launay et al to say how they dealt with the premix: ""Data for phytase, salt, monocalcium phosphate and calcium carbonate are the same as in Mosnier et al. (2011). The premix was assumed to be produced mainly from calcium carbonate and to have the same impacts.""",,
Accepted,Environmental life cycle comparisons of pig farming integrated with anaerobic digestion and algae-based wastewater treatment,10.1016/j.jenvman.2020.110512,Wu et al,2020,Pig,Pig,EU,Y,Probably non-trace,Y,Phosphorus,"""mineral (P) = 6 kg"" so the proxy of mineral could be P in this study. Beth: I reckon this is correct :)",,
Grey,Resource recovery of biological residues from the Brazilian poultry industry in mitigating environmental impacts: A life cycle assessment (LCA) approach,10.1016/j.jclepro.2023.137895,Alves et al,2023,Chicken,,Brazil,Y,,?,,"The paper includes sodium bicarbonate and sodium chloride, but there is also 'other'. I wouldn't class either of these as 'premix', so perhaps it's a no?? There might be premix in the 'other' category, for which there are no details. Email response: we include all the ingredients provided for the birds in the modeling. Each feed input (i.e. Soybean meal, Corn gluten) was selected from databases such as ecoinvent v3.6, Agri-footprint, LCA food DK, Industry data, ULSI, and ELCD.

Therefore, the environmental pressures relative to each mineral premix were not calculated in our work, that is, they were included from the selected databases.",,
Grey,The use of life cycle assessment to compare the environmental impact of production and feeding of conventional and genetically modified maize for broiler production in Argentina,10.22358/jafs/66843/2006,Bennett et al,2006,Chicken,,Argentina,Y,,,,"They use the feed inventory from Kreabab et al (2005): 10.1093/japr/14.3.463, which did include the mineral premix (though it's not clear how any environmental impact was calculated). In Bennet et al 2006, they seem to just focus on the maize component of the feed. Email reply: I am sorry but this is so long ago that I cannot remember what we did! I also do not have time to investigate as I have long since moved on from this area of research.",,
Grey,Intensifying the environmental performance of chicken meat production in China: From perspective of life cycle assessment,https://doi.org/10.1016/j.jclepro.2022.135603,Cheng et al ,2023,Chicken,,China,Y,,?,,"Feed premix (which I assume includes the mineral premix) was included, but it is impossible to tell whether a proxy is used as they have used the 'China Process-based Life Cycle Inventory Database' to calculate the values",,
Grey,Sugarcane ethanol and beef cattle integration in Brazil,https://doi.org/10.1016/j.biombioe.2018.12.012,de Souza et al ,2019,Cattle,,Brazil,Y,,Sort of ,Assumption (they essentially plucked a figure out of the air),See Supplementary Table S7: Reference for environmental inputs is 'Assumption',,
Grey,Life cycle assessment for rainbow trout (Oncorhynchus mykiss) production systems: a case study for Iran,http://dx.doi.org/10.1016/j.jclepro.2014.12.006,Dekamin et al,2015,Rainbow trout,,Iran,Y,,?,,"In the inventory, but no idea whether they used a proxy or not. Used SimaPro to derive inventory",,
Grey,Comparative life cycle assessment of technologies and strategies to improve nitrogen use efficiency in egg supply chains,https://doi.org/10.1016/j.resconrec.2020.105275,Ershadi et al,2020,Chicken,,Canada,Y,,?,,"""Premix was modelled based on information provided by Otter Coop (pers. comm, Alizadeh, 2019, Otter Coop)""",,
Grey,Effect of Nutritional Variation and LCA Methodology on the Carbon Footprint of Milk Production From Holstein Friesian Dairy Cows,https://doi.org/10.3389/fsufs.2021.588158,March et al,2021,Dairy Cattle,,UK,Y,,?,,No data was given on whether premix was used in analysis or whether a proxy was used - FeedPrint is the software. Assuming this is limestone proxy.,,
Grey,Environmental impact assessment of salmonid feeds using Life Cycle Assessment (LCA),10.1579/0044-7447-33.6.316,Papatryphon et al,2004,Rainbow trout,,France,Y,,Y,,"Premix: from Tillon and Merson, UCAAB, pers.comm., 2001. They are not sure which proxy they used. ",,
Grey,Environmental Impacts of the Beef Production Chain in the Northeast of Portugal Using Life Cycle Assessment,10.3390/agriculture8100165,Presumido et al,2018,Cattle,,Portugal,Y,,N,,"Mineral salt was indicated in the animal feed, but no further details were available. ",,
Grey,"Life cycle assessment of Danish pork exports using different cooling technologies and comparison of upstream supply chain efficiencies between Denmark, China and Australia",https://doi.org/10.1016/j.jclepro.2019.118816,Bonou et al,2020,Pig,,"Denmark, Australia and China",N,,,,"Listed in the Danish inventory, but very unlikely to have been included in the LCA. ",,
Grey,The finishing stage in swine production: influences of feed composition on carbon footprint,10.1007/s10668-014-9607-9,Cherubini et al,2015,Pig,,Brazil,Y,,N,,"They definitely included it, but no idea whether they used a proxy or how they got the data for the LCA",,
Grey,Aquaponics and sustainability: The comparison of two different aquaponic techniques using the Life Cycle Assessment (LCA),10.1016/j.aquaeng.2017.03.002,Forchino et al,2017,Rainbow trout,,Italy,Y,,,,"They ""assumed that fish was fed with commercial extruded feed"" . It is not clear whether this feed includes mineral premix or not",,
Grey,From farm to fork – A life cycle assessment of fresh Austrian pork,https://doi.org/10.1016/j.jclepro.2016.01.005,Winkler et al,2016,Pig,,Austria,Y,,?,,"""9.5% mineral feed"", and they cite Nemecek et al (2005) as their reference. However:  Reply from Nemecek states: ""the cited report is on crop production and grassland only. We did not include animal production there; so there are no feed components.
I seems that the authors used emission factors for feed production from our report."" Therefore, it was impossible to tell how/whether the mineral feed components were included or not
",,
Grey,Comparative life cycle assessment of Flemish and Western Cape pork production,10.1080/03031853.2012.741208,Devers et al,2012,Pig,,Belgium and South Africa,,,,,,,
Grey,Carbon footprint of milk production under smallholder dairying in Anand district of Western India: a cradle-to-farm gate life cycle assessment,http://dx.doi.org/10.1071/AN15464,Garg et al,2016,Cattle,,India,?,,,,"Included in inventory, but it's not clear how the LCA was calculated",,
